id;isbn;title;year
B-001;978-966-03-5548-1;Кобзар;1840
B-002;978-617-7764-11-3;Тигролови;1944
B-003;978-966-97925-0-6;Чорний ворон;2009
B-004;978-5-699-30718-8;Майстер і Маргарита;1967
B-005;978-966-378-549-3;Захар Беркут;1883
B-006;978-617-7279-12-4;Інтернат;2017
B-007;978-966-03-7266-2;Лісова пісня;1911
B-008;978-966-14-9221-3;Доба великого джихаду;2004
B-009;978-617-7544-29-9;Фелікс Австрія;2014
B-010;978-966-448-034-7;Хіба ревуть воли, як ясла повні?;1875
B-011;978-966-97059-0-0;Місто;1928
B-012;978-966-03-0001-1;Книга без року
B-013;978-966-03-0002-2;;1990
B-014;978-966-03-0003-3;Стародавня книга;800